Amoxicillin + Clavulanic Acid , AMOCLAV
Amoxicillin + Clavulanic Acid , AMOCLAV 1200 I/V
Amoxicillin + Clavulanic Acid , AMOCLAV 1gm
Amoxicillin + Clavulanic Acid , AMOCLAV 375
Amoxicillin + Clavulanic Acid , AMOCLAV 600 I/V
Amoxicillin + Clavulanic Acid , AMOCLAV 625
Amoxicillin + Clavulanic Acid , AMOCLAV FORTE
Amoxicillin + Clavulanic Acid , CLAMOX
Amoxicillin + Clavulanic Acid , CLAMOX 375
Amoxicillin + Clavulanic Acid , CLAMOX 625
Amoxicillin + Clavulanic Acid , CLAMOX DS
Amoxicillin + Clavulanic Acid , DEMOXICLAVE
Amoxicillin + Clavulanic Acid , DEMOXICLAVE FORTE
Amoxicillin + Clavulanic Acid , DEMOXICLAVE-375
Amoxicillin + Clavulanic Acid , DEMOXICLAVE-625
Amoxicillin + Clavulanic Acid , FIMOXYCLAV
Amoxicillin + Clavulanic Acid , FIMOXYCLAV 1200
Amoxicillin + Clavulanic Acid , FIMOXYCLAV 1gm
Amoxicillin + Clavulanic Acid , FIMOXYCLAV 375
Amoxicillin + Clavulanic Acid , FIMOXYCLAV 400/57
Amoxicillin + Clavulanic Acid , FIMOXYCLAV 600
Amoxicillin + Clavulanic Acid , FIMOXYCLAV 625
Amoxicillin + Clavulanic Acid , MOXACLAV 0.6
Amoxicillin + Clavulanic Acid , MOXACLAV 1.2
Amoxicillin + Clavulanic Acid , MOXACLAV 1.2G
Amoxicillin + Clavulanic Acid , MOXACLAV 1G
Amoxicillin + Clavulanic Acid , MOXACLAV 375
Amoxicillin + Clavulanic Acid , MOXACLAV 375
Amoxicillin + Clavulanic Acid , MOXACLAV 600
Amoxicillin + Clavulanic Acid , MOXACLAV 625
Amoxicillin + Clavulanic Acid , MOXACLAV 625
Amoxicillin + Clavulanic Acid , MOXACLAV FORTE
Amoxicillin + Clavulanic Acid , MOXACLAV FORTE
Amoxicillin + Clavulanic Acid , MOXACLAV SUSP
Amoxicillin + Clavulanic Acid , MOXACLAV SUSP 60
Amoxicillin + Clavulanic Acid , MOXACLAV Suspension
Amoxicillin + Clavulanic Acid , TYCLAV 1000
Amoxicillin + Clavulanic Acid , TYCLAV 375
Amoxicillin + Clavulanic Acid , TYCLAV 625
ACECLOFENAC , AC PR
ACECLOFENAC , ACEBID
ACECLOFENAC , ACECLOBEN
ACECLOFENAC , ACECLORA
ACECLOFENAC , ACECOL
ACECLOFENAC , ACEDOL
ACECLOFENAC , ACEFENAC
ACECLOFENAC , ACEGIC
ACECLOFENAC , ACELOCK
ACECLOFENAC , ACELON
ACECLOFENAC , ACENAC
ACECLOFENAC , ACEPRO
ACECLOFENAC , ACF
ACECLOFENAC , ACFLAM
ACECLOFENAC , ACLO
ACECLOFENAC , ACLONAC
ACECLOFENAC , ACLOPAIN
ACECLOFENAC , ACLOVIX
ACECLOFENAC , ACN
ACECLOFENAC , ALONA-100
ACECLOFENAC , ANALGEN
ACECLOFENAC , APECLO
ACECLOFENAC , APITAC
ACECLOFENAC , AROS
ACECLOFENAC , AVENAC
ACECLOFENAC , CECLOFEN
ACECLOFENAC , CECONAC
ACECLOFENAC , CELOFEN
ACECLOFENAC , CLOF
ACECLOFENAC , CLOFENTA
ACECLOFENAC , DOLONAC
ACECLOFENAC , ECENA
ACECLOFENAC , ENA
ACECLOFENAC , FIXONAC
ACECLOFENAC , FLECO
ACECLOFENAC , FLEXI
ACECLOFENAC , FLEXI 200
ACECLOFENAC , JOFINE
ACECLOFENAC , LOFENS
ACECLOFENAC , LOFLAM-100
ACECLOFENAC , MACLO-100
ACECLOFENAC , MERVAN
ACECLOFENAC , MOTIFEN
ACECLOFENAC , MOVEX
ACECLOFENAC , MOVON
ACECLOFENAC , NOAK
ACECLOFENAC , NOFENAC
ACECLOFENAC , NOSTRIN
ACECLOFENAC , ORIFEN
ACECLOFENAC , OSTOFLEX
ACECLOFENAC , PAINEX
ACECLOFENAC , PANKIL
ACECLOFENAC , PENAC-AC
ACECLOFENAC , PRESERVIN
ACECLOFENAC , PROTILEZ
ACECLOFENAC , QRIP
ACECLOFENAC , RAPIDOR
ACECLOFENAC , Reservix
ACECLOFENAC , REUSE
ACECLOFENAC , RHEUMA 100
ACECLOFENAC , RUCLON
ACECLOFENAC , SAPCLO
ACECLOFENAC , SENAC-A
ACECLOFENAC , SERVEX
ACECLOFENAC , SYCLOFEN
ACECLOFENAC , TERNILLA
ACECLOFENAC , TUFFOX
ACECLOFENAC , VAXTIN
ACECLOFENAC , VOLFENAC
ACECLOFENAC , XE FAST
ACECLOFENAC , XERIFEN
ACECLOFENAC , XERIFLAM
ACECLOFENAC , XPAIN
ACECLOFENAC , XYFEN
ACECLOFENAC , ZERODOL
ACECLOFENAC , ZOLFIN
ACECLOFENAC , ZOLONAC
AMLODIPINE + OLMESARTAN MEDOXOMIL , ALOTEN
AMLODIPINE + OLMESARTAN MEDOXOMIL , ALOTEN Forte
AMLODIPINE + OLMESARTAN MEDOXOMIL , AMDIN Plus
AMLODIPINE + OLMESARTAN MEDOXOMIL , AMDOCAL PLUS 25
AMLODIPINE + OLMESARTAN MEDOXOMIL , AMDOCAL PLUS 50
AMLODIPINE + OLMESARTAN MEDOXOMIL , AMICARD Plus
AMLODIPINE + OLMESARTAN MEDOXOMIL , AMLOBET
AMLODIPINE + OLMESARTAN MEDOXOMIL , AMLOCARD Plus-25
AMLODIPINE + OLMESARTAN MEDOXOMIL , AMLOCARD Plus-50
AMLODIPINE + OLMESARTAN MEDOXOMIL , AMLOCOM
AMLODIPINE + OLMESARTAN MEDOXOMIL , AMLOSIN Plus
AMLODIPINE + OLMESARTAN MEDOXOMIL , AMLOTEN 25
AMLODIPINE + OLMESARTAN MEDOXOMIL , AMLOTEN 50
AMLODIPINE + OLMESARTAN MEDOXOMIL , AMLOVAS AT
AMLODIPINE + OLMESARTAN MEDOXOMIL , AMOCAL-AT
AMLODIPINE + OLMESARTAN MEDOXOMIL , AMOCAL-AT 5/25
AMLODIPINE + OLMESARTAN MEDOXOMIL , AMPIL Plus
AMLODIPINE + OLMESARTAN MEDOXOMIL , AMPRE-PIus
AMLODIPINE + OLMESARTAN MEDOXOMIL , AMPRE-Plus
AMLODIPINE + OLMESARTAN MEDOXOMIL , AMTINOL Plus
AMLODIPINE + OLMESARTAN MEDOXOMIL , ANGICAL-50
AMLODIPINE + OLMESARTAN MEDOXOMIL , ATEPINE
AMLODIPINE + OLMESARTAN MEDOXOMIL , ATEZEN Plus
AMLODIPINE + OLMESARTAN MEDOXOMIL , BETACAL
AMLODIPINE + OLMESARTAN MEDOXOMIL , BETANOL-A 25
AMLODIPINE + OLMESARTAN MEDOXOMIL , BETANOL-A 50
AMLODIPINE + OLMESARTAN MEDOXOMIL , BPNOL-Plus
AMLODIPINE + OLMESARTAN MEDOXOMIL , CALBETA
AMLODIPINE + OLMESARTAN MEDOXOMIL , CALCHEK Plus
AMLODIPINE + OLMESARTAN MEDOXOMIL , CALOCK Plus 25
AMLODIPINE + OLMESARTAN MEDOXOMIL , CALOCK Plus 50
AMLODIPINE + OLMESARTAN MEDOXOMIL , CALPIN Plus 25
AMLODIPINE + OLMESARTAN MEDOXOMIL , CALPIN Plus 50
AMLODIPINE + OLMESARTAN MEDOXOMIL , CAMLODIN PLUS 5/25
AMLODIPINE + OLMESARTAN MEDOXOMIL , CAMLODIN PLUS 5/50
AMLODIPINE + OLMESARTAN MEDOXOMIL , CARDIPIN Plus
AMLODIPINE + OLMESARTAN MEDOXOMIL , CARDOSIA Plus
AMLODIPINE + OLMESARTAN MEDOXOMIL , COMBICARD
AMLODIPINE + OLMESARTAN MEDOXOMIL , COMBICARD
AMLODIPINE + OLMESARTAN MEDOXOMIL , CV NOR-A
AMLODIPINE + OLMESARTAN MEDOXOMIL , DIPICARD-25
AMLODIPINE + OLMESARTAN MEDOXOMIL , DIPLOR Plus-25
AMLODIPINE + OLMESARTAN MEDOXOMIL , DIPLOR Plus-50
AMLODIPINE + OLMESARTAN MEDOXOMIL , EMLON Plus
AMLODIPINE + OLMESARTAN MEDOXOMIL , Fixocard 25
AMLODIPINE + OLMESARTAN MEDOXOMIL , Fixocard 50
AMLODIPINE + OLMESARTAN MEDOXOMIL , HIPRE Plus
AMLODIPINE + OLMESARTAN MEDOXOMIL , LOCARD Plus
AMLODIPINE + OLMESARTAN MEDOXOMIL , LODICARD
AMLODIPINE + OLMESARTAN MEDOXOMIL , LOPIN Plus
AMLODIPINE + OLMESARTAN MEDOXOMIL , PRISTIN-OL
AMLODIPINE + OLMESARTAN MEDOXOMIL , SIDOPLUS 25
AMLODIPINE + OLMESARTAN MEDOXOMIL , SIDOPLUS 50
AMLODIPINE + OLMESARTAN MEDOXOMIL , TENOCAB 25
AMLODIPINE + OLMESARTAN MEDOXOMIL , TENOCAB 50
AMLODIPINE + OLMESARTAN MEDOXOMIL , TENOPIN
AMLODIPINE + OLMESARTAN MEDOXOMIL , VASOPIN 50
AMLODIPINE + OLMESARTAN MEDOXOMIL , VASOPIN Plus
AMLODIPINE + OLMESARTAN MEDOXOMIL , VESOCAL Plus
AMLODIPINE + ATENOLOL , ALOTEN
AMLODIPINE + ATENOLOL , ALOTEN Forte
AMLODIPINE + ATENOLOL , AMDIN Plus
AMLODIPINE + ATENOLOL , AMDOCAL PLUS 25
AMLODIPINE + ATENOLOL , AMDOCAL PLUS 50
AMLODIPINE + ATENOLOL , AMICARD Plus
AMLODIPINE + ATENOLOL , AMLOBET
AMLODIPINE + ATENOLOL , AMLOCARD Plus-25
AMLODIPINE + ATENOLOL , AMLOCARD Plus-50
AMLODIPINE + ATENOLOL , AMLOCOM
AMLODIPINE + ATENOLOL , AMLOSIN Plus
AMLODIPINE + ATENOLOL , AMLOTEN 25
AMLODIPINE + ATENOLOL , AMLOTEN 50
AMLODIPINE + ATENOLOL , AMLOVAS AT
AMLODIPINE + ATENOLOL , AMOCAL-AT
AMLODIPINE + ATENOLOL , AMOCAL-AT 5/25
AMLODIPINE + ATENOLOL , AMPIL Plus
AMLODIPINE + ATENOLOL , AMPRE-PIus
AMLODIPINE + ATENOLOL , AMPRE-Plus
AMLODIPINE + ATENOLOL , AMTINOL Plus
AMLODIPINE + ATENOLOL , ANGICAL-50
AMLODIPINE + ATENOLOL , ATEPINE
AMLODIPINE + ATENOLOL , ATEZEN Plus
AMLODIPINE + ATENOLOL , BETACAL
AMLODIPINE + ATENOLOL , BETANOL-A 25
AMLODIPINE + ATENOLOL , BETANOL-A 50
AMLODIPINE + ATENOLOL , BPNOL-Plus
AMLODIPINE + ATENOLOL , CALBETA
AMLODIPINE + ATENOLOL , CALCHEK Plus
AMLODIPINE + ATENOLOL , CALOCK Plus 25
AMLODIPINE + ATENOLOL , CALOCK Plus 50
AMLODIPINE + ATENOLOL , CALPIN Plus 25
AMLODIPINE + ATENOLOL , CALPIN Plus 50
AMLODIPINE + ATENOLOL , CAMLODIN PLUS 5/25
AMLODIPINE + ATENOLOL , CAMLODIN PLUS 5/50
AMLODIPINE + ATENOLOL , CARDIPIN Plus
AMLODIPINE + ATENOLOL , CARDOSIA Plus
AMLODIPINE + ATENOLOL , COMBICARD
AMLODIPINE + ATENOLOL , COMBICARD
AMLODIPINE + ATENOLOL , CV NOR-A
AMLODIPINE + ATENOLOL , DIPICARD-25
AMLODIPINE + ATENOLOL , DIPLOR Plus-25
AMLODIPINE + ATENOLOL , DIPLOR Plus-50
AMLODIPINE + ATENOLOL , EMLON Plus
AMLODIPINE + ATENOLOL , Fixocard 25
AMLODIPINE + ATENOLOL , Fixocard 50
AMLODIPINE + ATENOLOL , HIPRE Plus
AMLODIPINE + ATENOLOL , LOCARD Plus
AMLODIPINE + ATENOLOL , LODICARD
AMLODIPINE + ATENOLOL , LOPIN Plus
AMLODIPINE + ATENOLOL , PRISTIN-OL
AMLODIPINE + ATENOLOL , SIDOPLUS 25
AMLODIPINE + ATENOLOL , SIDOPLUS 50
AMLODIPINE + ATENOLOL , TENOCAB 25
AMLODIPINE + ATENOLOL , TENOCAB 50
AMLODIPINE + ATENOLOL , TENOPIN
AMLODIPINE + ATENOLOL , VASOPIN 50
AMLODIPINE + ATENOLOL , VASOPIN Plus
AMLODIPINE + ATENOLOL , VESOCAL Plus
ATOMOXETINE , SUEV 10
ATORVASTATIN , ANZITOR 10
ATORVASTATIN , ANZITOR 20
ATORVASTATIN , ANZITOR 40
ATORVASTATIN , ASTIN
ATORVASTATIN , ASTIVA
ATORVASTATIN , ATASIN
ATORVASTATIN , ATOLIP
ATORVASTATIN , ATORVAST
ATORVASTATIN , ATOVA 10
ATORVASTATIN , ATOVA 20
ATORVASTATIN , ATOVA 40
ATORVASTATIN , ATOVEX
ATORVASTATIN , ATOVIN
ATORVASTATIN , ATV
ATORVASTATIN , AVAS
ATORVASTATIN , AVASTATIN
ATORVASTATIN , AVOCARD
ATORVASTATIN , AZTOR
ATORVASTATIN , CLOLES-10
ATORVASTATIN , COLOSTAT
ATORVASTATIN , DIVASTIN
ATORVASTATIN , G-ATROVAST
ATORVASTATIN , LIPEX-10
ATORVASTATIN , LIPICON
ATORVASTATIN , LIPICUT
ATORVASTATIN , LIPIGENT
ATORVASTATIN , LIPINOR
ATORVASTATIN , LIPITIN
ATORVASTATIN , LIPLO
ATORVASTATIN , LIPOBI 10
ATORVASTATIN , LIPOSTAT
ATORVASTATIN , LIPOVAST
ATORVASTATIN , LIPTOR
ATORVASTATIN , LIVAS
ATORVASTATIN , LOCOL
ATORVASTATIN , ORVA
ATORVASTATIN , ORVATIN
ATORVASTATIN , STACOR
ATORVASTATIN , TAVEN
ATORVASTATIN , TCL-R
ATORVASTATIN , Tiginor 10
ATORVASTATIN , Tiginor 20
ATORVASTATIN , Tiginor 40
ATORVASTATIN , TORVAS
ATORVASTATIN , TROVA
ATORVASTATIN , VASS 10
ATORVASTATIN , VASS 20
ATORVASTATIN , VASS 40
ATORVASTATIN , VASTIN
ATORVASTATIN , XELITOR
ATORVASTATIN , XELPID 10
ATORVASTATIN , XELPID 20
ATORVASTATIN , XELPID 40
ATORVASTATIN , XEROVA
ATORVASTATIN , ZAPITOR
PROPRANOLOL , ADLOCK
PROPRANOLOL , BETACAP TR
PROPRANOLOL , G-PROPRANOLOL
PROPRANOLOL , INDEVER
PROPRANOLOL , INDEVER SR
PROPRANOLOL , PROPRANOL